,ID,NAME,PL,PRICE,SCORE,WEB_PRICE
0,26877827,合适,397,38.0,8.3,29.7
1,1028842,经济学原理（上下）,10798,88.0,9.0,15.4
2,3922162,认识商业,759,68.0,8.2,
3,1261560,国富论,5782,69.0,9.0,53.5
4,1077528,通往奴役之路,8117,16.0,8.9,27.5
5,26756140,行动的勇气,230,78.0,9.9,58.5
6,1970428,激荡三十年（上）,19088,35.0,8.8,26.3
7,26582558,经济学通识,1336,58.0,8.5,58.0
8,26824237,大国大城,248,42.0,8.8,33.1
9,1220853,伟大的博弈,9945,39.0,8.3,
10,1084435,策略思维,1486,39.0,8.5,
11,3055719,经济学的思维方式（第11版）,2475,49.8,8.7,
12,26435630,经济学原理(第7版):微观经济学分册+宏观经济学分册(套装共2册),416,,9.4,89.6
13,25844463,摩根财团,326,198.0,8.8,143.6
14,3223711,怪诞行为学,12536,39.0,8.1,
15,2380307,激荡三十年（下）,13478,42.0,8.9,35.7
16,26314063,斯坦福极简经济学,1153,35.0,7.9,24.1
17,1058131,金融炼金术,1934,24.8,8.4,
18,3000997,牛奶可乐经济学,13815,39.8,7.6,31.8
19,3097539,自由选择,1156,48.0,8.9,
20,1150503,资本论（第一卷）,1378,45.0,9.0,40.1
21,21966353,贫穷的本质,1849,58.0,7.7,43.5
22,24851460,历代经济变革得失,3538,42.0,8.7,31.5
23,2081876,货币战争,38219,38.0,7.3,38.0
24,26894273,时运变迁,61,68.0,8.7,53.5
25,1473250,魔鬼经济学,8296,32.0,7.6,
26,3025921,黑天鹅,5957,39.0,7.7,
27,2005726,货币金融学,1834,79.0,8.7,
28,1070007,致命的自负,1990,19.8,8.8,27.7
29,3225979,一课经济学,2263,32.0,8.4,
30,1919072,长尾理论,10642,35.0,7.7,
31,1082593,经济学,1628,68.0,9.1,74.0
32,6429781,诡辩与真相,464,45.0,9.0,
33,20366370,变革中国,2014,58.0,8.6,41.9
34,1072438,大败局,8768,29.0,8.3,52.0
35,1196945,集体行动的逻辑,1187,18.0,8.5,
36,3427304,美国货币史 1867—1960,537,78.0,8.9,60.5
37,10733032,王二的经济学故事,2994,38.0,8.3,27.0
38,6913343,理性乐观派,1226,45.0,8.3,41.6
39,6720539,断层线,686,49.0,8.3,
40,5243775,聪明的投资者,2200,88.0,9.0,74.8
41,3432304,大江东去（共三部）,1938,118.0,9.1,
42,4860448,经济解释卷一： 科学说需求 （神州增订版）,1013,25.0,9.0,
43,1867642,世界是平的,13068,56.0,7.7,50.4
44,3043970,漫步华尔街,1074,48.0,8.4,
45,1137246,就业、利息和货币通论,964,28.0,8.6,29.1
46,3891900,金融的逻辑,8460,39.8,7.7,23.9
47,25947310,21世纪资本论,1286,98.0,7.3,69.4
48,4010186,跌荡一百年（下）,3925,42.0,8.6,31.5
49,1082512,公司理财,1237,78.0,9.4,50.7
50,1874488,别做正常的傻瓜,4827,28.0,8.1,
51,6743298,经济为什么会崩溃,1264,39.0,8.9,25.4
52,25717107,红色资本,333,38.0,8.8,30.0
53,10773362,随机漫步的傻瓜,1233,39.0,8.2,29.3
54,5914475,无价,2551,49.8,8.0,37.4
55,26178426,稀缺,1702,56.9,7.7,35.9
56,2791877,One Billion Customers,1993,103.125,9.1,98.0
57,3869711,消费者行为学 （第8版·中国版）,1309,69.0,8.2,57.0
58,5408886,大空头,1552,42.0,8.3,30.5
59,25902226,时寒冰说：未来二十年，经济大趋势（现实篇）,1505,49.8,8.3,35.2
60,1780208,凯恩斯传,491,79.0,8.8,
61,1873802,人的行為,194,,9.2,
62,26697774,“错误”的行为,84,,8.6,54.3
63,3265599,逃不开的经济周期,681,42.0,8.2,
64,21329758,博弈与社会,394,49.0,8.7,38.7
65,26861524,The Undoing Project,41,199.03125,8.6,172.7
66,10544307,自私的皮球,699,38.0,8.6,27.4
67,1116367,道德情操论,2035,30.0,8.7,30.8
68,25908079,新经济，新规则,663,45.0,8.5,30.9
69,20394150,八次危机,312,55.0,8.7,43.3
70,26314075,信用创造、货币供求与经济结构,60,58.0,9.4,46.1
71,1315182,权力与繁荣,443,22.0,8.7,19.7
72,1033778,富爸爸，穷爸爸,21637,18.8,8.2,
73,25869991,正义的成本：当法律遇上经济学,307,45.0,8.1,35.5
74,26799211,魔鬼经济学（罗辑思维独家定制版）,258,192.0,7.7,192.0
75,1085935,非理性繁荣,1058,29.0,8.0,
76,1211972,博弈论,483,68.0,8.5,93.0
77,1972412,说谎者的扑克牌,2416,35.0,8.1,
78,1171881,有闲阶级论,876,16.0,8.0,26.7
79,10439662,货币的教训,545,36.0,8.9,30.6
80,1043419,自由与繁荣的国度,617,13.4,8.9,25.2
81,1448727,博弈论基础,436,25.0,8.4,21.0
82,1032570,哈耶克文选,511,,9.1,29.7
83,26919762,畅销的原理,71,45.0,8.5,33.8
84,4012145,中国的经济制度,1947,25.0,7.9,16.3
85,24700123,一炮走红的国家,524,59.0,8.5,44.3
86,25893995,亚洲大趋势,116,68.0,9.0,
87,3932520,免费,3269,39.0,7.5,
88,26934189,A Man for All Markets,10,206.25,,297.0
89,3272590,Mises,20,343.75,8.0,277.0
90,26700368,市场与大师,45,,8.7,62.4
91,24696672,经济运行的逻辑,424,49.0,8.5,38.7
92,3595095,统计数字会撒谎,2173,28.0,7.5,83.0
93,10765392,货币、银行信贷与经济周期,93,80.0,8.7,231.0
94,1038949,资本主义、社会主义与民主,457,28.0,8.5,33.8
95,10785583,思考，快与慢,5468,69.0,8.2,41.4
96,2079931,大转型,655,35.0,8.7,25.7
97,2155342,货币的非国家化,354,25.0,8.7,18.1
98,1005813,自由秩序原理,858,28.0,9.0,
99,25719688,中国经济史,408,39.8,8.2,31.4
100,11626951,解读中国经济,767,39.0,8.8,30.8
101,25849758,富足,338,79.9,8.1,57.8
102,26697242,钓愚,334,59.0,7.0,44.2
103,10771307,经济学大师们,115,49.0,8.4,
104,21346249,选择的悖论,566,45.9,7.7,34.4
105,26163553,投资中最简单的事,1633,45.9,8.7,33.2
106,1252057,1844年经济学哲学手稿,1284,12.0,8.9,
107,25912159,当音乐停止之后,192,79.9,8.7,59.9
108,3558787,美国大萧条,277,39.0,8.7,25.4
109,26358478,人、经济与国家,41,,9.1,91.3
110,6556296,亚洲教父,804,36.0,8.3,28.4
111,4893663,市场的逻辑,797,45.0,8.3,38.7
112,1438948,卖桔者言,1063,1.56,8.5,
113,5253757,怪诞行为学2,3918,42.0,7.9,31.5
114,1281898,宏观经济学,1811,60.0,8.8,29.4
115,21326266,与机器赛跑,482,6.0,8.1,
116,4012040,妙趣横生博弈论,416,48.0,8.5,32.64
117,5283699,郎咸平说：我们的日子为什么这么难,6905,32.0,7.7,27.1
118,2006592,资本的秘密,392,25.0,8.3,
119,23789345,渐行渐远的红利,147,58.0,8.9,45.8
120,1420638,投资学,1391,89.0,8.3,57.9
121,3260366,社会主义,267,45.0,9.1,73.8
122,10453927,吴晓波中国企业史三部曲完整典藏版,118,358.0,9.0,19.2
123,3237711,自由的伦理,321,45.0,8.7,38.2
124,3313327,跌荡一百年（上）,3574,42.0,8.6,31.5
125,26883446,图解全球资源真相,22,39.8,7.9,31.4
126,2155344,权力与市场,166,29.0,8.8,
127,1017213,金融学,778,50.0,8.4,
128,6980818,浩荡两千年,1724,45.0,8.6,
129,2155338,货币、方法与市场过程,171,33.0,9.1,28.1
130,24878818,改革的逻辑,379,45.0,8.4,38.2
131,2375990,经济学思想史讲义,498,40.0,8.9,
132,21371574,凯恩斯大战哈耶克,501,59.0,8.0,46.6
133,1084434,以自由看待发展,613,39.0,9.0,21.6
134,25766497,城市化转型与土地陷阱,167,55.0,9.3,42.9
135,2068710,国家的兴衰,258,26.0,8.3,36.0
136,1480720,冲突的战略,118,32.0,8.1,
137,21331443,中国是部金融史,285,39.5,8.1,27.2
138,3248694,不确定状况下的判断,133,79.8,8.4,
139,24878434,城乡中国（上）,536,39.0,8.5,29.3
140,26801676,债务和魔鬼,37,59.0,8.6,44.3
141,25843334,金融的本质,350,58.0,8.2,49.3
142,6403593,时寒冰说,3389,39.9,8.6,31.1
143,4122414,经济与社会（第一卷）,132,68.0,9.1,50.4
144,20373351,城市的胜利,859,49.8,8.1,29.4
145,6795916,行为经济学讲义,193,89.8,8.9,71.8
146,24872278,信号与噪声,850,69.0,7.2,51.0
147,25986746,零边际成本社会,419,49.0,7.5,36.8
148,26032227,金融的解释,922,49.0,7.5,36.8
149,26327897,压力测试,134,58.0,8.1,41.8
150,1465419,资本主义与自由,706,15.0,8.5,
151,26884338,资本社会的17个矛盾,16,68.0,8.5,53.7
152,26388011,隐性动机,173,49.0,7.4,38.7
153,1139881,微观经济学,1410,42.0,8.7,30.4
154,10799082,投资最重要的事,1673,58.0,8.7,53.6
155,4931700,创新的先知,74,80.0,9.1,
156,26872427,不可不知的经济真相,68,,8.4,27.6
157,1025829,信任,149,24.0,8.1,
158,3233097,Capitalism with Chinese Characteristics,245,261.25,8.7,
159,1419377,利息理论,119,24.0,9.3,
160,1011731,信息规则,262,33.0,9.0,
161,4312139,经济学基础,379,65.0,9.4,
162,26201890,第四消费时代,106,42.0,8.0,33.1
163,26576499,房债,66,36.0,8.8,28.4
164,4124834,冬吴相对论,969,35.0,8.6,27.6
165,5271687,金融市场与金融机构基础,142,79.0,8.6,65.2
166,1074525,杨小凯谈经济,189,25.0,8.9,
167,25831015,用地图看懂世界经济,560,32.0,7.1,25.2
168,2222030,生活中的经济学,1221,33.0,8.0,26.0
169,4187474,西方世界的兴起,271,29.8,8.4,23.5
170,1068793,从资本家手中拯救资本主义,155,30.0,9.0,
171,26656350,增长的本质,102,49.0,8.2,35.9
172,26866034,菜场经济学,142,,8.0,30.2
173,3233988,资本的游戏,341,70.0,8.5,
174,3300402,制度、制度变迁与经济绩效,278,22.0,9.0,
175,26378573,经济人的末日,80,,9.0,27.6
176,26142366,中国巨债,83,58.0,7.9,49.3
177,1263734,博弈论与经济行为,112,50.0,8.5,
178,1325507,江村经济,3079,26.0,8.9,23.2
179,6833967,Why Nations Fail,417,192.5,7.7,
180,3276034,大衰退,399,39.0,8.2,9.8
181,2354988,集装箱改变世界,507,48.0,7.6,
182,1074178,经济分析史（第一卷）,235,21.2,9.0,30.6
183,4262048,当代中国经济改革教程,214,68.0,8.8,57.1
184,5378548,一沙一世界,1329,39.9,8.3,27.7
185,4193722,国富国穷,363,62.0,8.3,45.4
186,1958714,彼得·林奇的成功投资,4413,38.0,8.7,24.7
187,1149697,货币银行学,427,49.0,8.4,
188,4062752,古典自由主义,436,29.8,8.8,
189,4882119,价值起源,322,68.0,8.2,
190,25751995,还原真实的美联储,664,38.0,8.5,32.3
191,25758308,巨富,464,58.0,7.7,49.3
192,3931857,十年轮回,219,38.0,8.7,
193,25927672,时寒冰说：未来二十年，经济大趋势（未来篇）,718,59.8,8.0,42.6
194,1340525,贫困与饥荒,235,19.0,8.9,20.4
195,2155341,官僚体制·反资本主义的心态,404,23.0,8.9,19.6
196,6952770,第一本经济学,309,35.0,8.6,
197,1157539,公司财务原理,142,108.0,9.0,
198,1726375,商务与经济统计,88,89.8,8.3,40.41
199,4244859,超越金融,1244,28.0,8.4,22.1
200,3836277,货币战争2:金权天下,5492,39.0,7.3,21.9
201,24751865,暴力与社会秩序,454,45.0,8.9,36.8
202,26297606,从0到1,13554,45.0,7.6,27.0
203,2048893,财报就像一本故事书,2829,28.0,7.8,23.2
204,5299847,与全世界做生意,645,32.0,8.0,14.4
205,1776987,期权、期货和其他衍生品（第5版）,793,68.0,9.0,
206,26883450,金融炼金术的终结,16,79.0,8.0,59.2
207,4238939,吴敬琏传,1808,39.0,8.1,0.0
208,25800850,动荡的世界,280,65.0,8.0,51.3
209,5348296,理性选民的神话,293,38.0,8.4,
210,3824134,动物精神,570,34.0,7.4,
211,26851886,镜厅,11,,7.5,51.0
212,10572016,失去的二十年,321,39.9,7.3,31.5
213,5269192,创业的国度,1072,35.0,7.8,26.3
214,20563189,中国人的焦虑从哪里来,1144,38.0,7.8,26.2
215,6849713,银行的秘密,203,52.0,8.7,
216,4730209,经济与社会（第二卷 上下）,144,88.0,8.9,74.8
217,1443196,诚信的背后,1136,30.0,8.1,
218,1812833,穷人的银行家,1071,21.5,8.7,
219,3825687,企业、市场与法律,233,25.0,9.1,
220,1053848,看得见的手,105,26.0,8.7,42.0
221,1315186,国民经济学原理,249,25.0,9.2,
222,11632329,经济学讲义（上）,311,45.0,8.7,35.1
223,4953707,门口的野蛮人,1230,52.0,8.2,39.6
224,4238941,新卖桔者言,1239,28.0,8.0,21.0
225,21964791,两次全球大危机的比较研究,115,65.0,8.6,49.3
226,25926542,一本书读懂财报,1138,35.0,8.8,26.2
227,5946317,美国经济史,83,89.0,8.4,69.0
228,20366367,金钱不能买什么,995,59.0,7.8,44.3
229,3598279,价格理论及其应用,143,68.0,9.2,54.1
230,2016501,另一条道路,198,38.0,8.6,
231,1057378,非同寻常的大众幻想与群众性癫狂,294,29.0,7.8,
232,19895515,卢瑟经济学,254,35.0,8.3,
233,1188729,产权与制度变迁,252,30.0,8.8,
234,26319391,金融的逻辑,199,58.0,8.1,43.5
235,3900987,引爆点,5407,27.0,7.7,
236,26934266,人类活动中的理性,10,32.0,,32.0
237,1004329,个人主义与经济秩序,429,25.0,8.7,
238,26771310,一盘大棋？中国新命运解析,42,46.0,9.2,33.1
239,26786410,超级版图,42,,8.3,51.8
240,23760469,投资银行、对冲基金和私募股权投资,127,99.0,8.9,78.2
241,22538508,空间的力量,48,35.0,8.5,35.0
242,19977784,亚当·斯密以前的经济思想,70,68.0,9.1,60.8
243,6398075,一转念,1590,25.0,8.0,21.2
244,1076446,财产·法律与政府,122,33.0,9.1,
245,26912832,新西方论,10,48.0,,38.4
246,25815267,经济学百科,112,128.0,8.5,88.0
247,1088096,中国的奇迹,402,22.0,8.7,
248,26806801,告别百年激进,21,,8.6,37.6
249,25747852,世界上最简单的会计书,523,30.0,8.9,22.9
250,24758859,新政治经济学讲义,102,99.8,8.9,78.8
251,3184668,人人都爱经济学,1035,35.0,8.0,
252,25767815,自我颠覆的倾向,71,49.0,8.7,41.6
253,26304280,欲望与利益,104,30.0,8.8,24.2
254,2347627,公司金融理论（上下册）,46,102.0,9.3,
255,3164293,七天读懂宏观经济,233,28.0,8.8,22.2
256,10555456,你所不知道的冰冷经济真相,351,39.8,8.7,33.8
257,6148690,金融之王,471,62.0,7.9,46.3
258,10587755,以利为利,127,35.0,9.0,
259,25717380,赤裸裸的统计学,442,42.0,8.1,33.1
260,1203329,人类行为的经济分析,278,23.0,8.4,
261,1000506,蜜蜂的寓言,213,32.0,8.5,
262,26765359,金融是本故事书,101,36.0,7.9,28.1
263,26772766,货币简史,57,,8.1,36.2
264,11605939,这个国家会好吗,130,49.8,8.5,39.3
265,4022709,助推,444,39.0,7.4,35.1
266,2015368,价值评估,385,88.0,9.1,83.0
267,26237302,金钱有术,1619,42.0,7.3,30.4
268,26800364,第四次工业革命,125,45.0,7.5,33.8
269,1837823,卧底经济学,868,29.8,7.5,
270,1949744,对冲基金风云录,2124,42.0,8.2,
271,26391828,纸牌大厦,31,,8.2,36.0
272,10745270,只剩一个角落的繁华,2351,35.0,7.7,26.3
273,1860877,货币的祸害,343,20.0,8.1,
274,1278268,十年沧桑,268,28.0,8.9,
275,2265236,The Chinese Economy,103,240.625,8.7,475.0
276,24741682,力挽狂澜：保罗?沃尔克和他改变的金融世界,109,68.0,8.5,
277,3248513,为什么中国人勤劳而不富有,1303,36.0,7.6,
278,2015536,消费者行为学,281,58.0,8.1,
279,24880341,疯狂经济学,135,,7.7,42.0
280,6876957,经济思想史,58,85.0,9.2,
281,26910938,让经济学回归常识,61,,9.5,34.3
282,24745480,不平等的代价,121,49.0,7.9,38.2
283,3845101,24堂财富课,1567,25.0,7.9,
284,26695863,梦想与浮沉：A股十年上市博弈,158,69.0,8.8,54.5
285,3434919,政治发展的经济分析,60,44.0,9.1,37.4
286,26879503,神经经济学分析基础,10,98.0,,73.2
287,26374984,选择做富人,91,,8.5,27.0
288,2068662,生活在极限之内,125,40.0,8.1,
289,2985723,经济思想史,331,59.0,8.5,
290,26627811,财富的帝国,25,48.0,8.6,
291,10566136,大拐点,453,39.0,8.1,30.4
292,10580810,第三次工业革命,1096,45.0,7.1,33.8
293,4137172,不为公众所知的改革,59,39.0,7.9,
294,1320278,策略与博弈,78,58.0,8.4,
295,26873728,穿越历史聊经济,21,45.0,8.1,35.5
296,4222014,稳定不稳定的经济,60,49.0,8.4,68.0
297,26589347,经济学思想史进阶讲义,23,118.0,9.2,92.8
298,1466989,A Course in Game Theory,80,316.25,8.6,499.0
299,26676661,从黄河文明到“一带一路”.第1卷,94,55.0,8.6,41.0
300,2004425,小的是美好的,348,25.0,8.1,
301,26362997,商业冒险,346,59.8,7.3,40.7
302,1547736,不确定条件下的投资,34,49.0,9.1,
303,1809644,博弈论：战略分析入门,428,42.0,8.0,
304,3685204,长尾理论2.0,1480,42.0,7.9,
305,1022374,大银行家,20,29.8,7.7,
306,25975503,金融的哲学,81,32.0,8.3,24.7
307,7007734,中国通货膨胀史,10,1.4,,
308,1928404,1929年大崩盘,522,25.0,7.6,18.1
309,26786057,不平等，我们能做什么,11,58.0,7.3,45.8
310,20503759,自由的界限,66,36.0,8.3,
311,25840005,中国是部金融史2,147,39.8,8.4,26.9
312,26584055,米塞斯回忆录,86,38.0,8.6,29.5
313,1010197,金融战败,212,9.5,8.3,3.2
314,26434054,先放一把火,128,39.0,8.3,29.3
315,4071865,石器时代经济学,190,32.0,8.3,
316,2137823,经济发展理论,123,4.8,8.4,21.8
317,26847674,狡猾的情感,84,49.0,8.6,36.8
318,3905293,探索经济繁荣,32,68.0,8.9,85.0
319,20272111,债,119,69.0,8.1,
320,5447147,货币战争3,2344,39.9,7.6,25.9
321,25979459,逃离不平等,142,58.0,7.3,45.8
322,26890182,智慧资本,10,,,51.0
323,10484709,让顾客自己来定价,144,45.0,8.2,
324,25911445,理解公司,62,59.0,8.7,46.6
325,6742735,广厦天下,92,70.0,8.7,52.5
326,26869012,威权政治,10,69.0,,51.7
327,20386252,金融与好的社会,279,75.0,7.8,
328,3274991,商业无边界,256,20.0,8.4,
329,5914480,富可敌国,742,59.8,8.7,38.9
330,1961174,数理经济学的基本方法,294,52.0,8.9,62.5
331,1484103,规模与范围,48,69.0,8.5,88.0
332,1423046,纳什博弈论论文集,111,12.0,8.8,12.3
333,2171619,投资学基础,76,76.0,8.7,
334,25785749,优雅的理性：用经济学眼光看世界,151,42.0,7.7,33.1
335,26877554,政策制定的艺术,10,48.0,,36.0
336,4884200,这次不一样？800年金融荒唐史,152,45.0,7.6,90.0
337,3241909,演化与博弈论,35,35.0,8.8,29.6
338,3184472,大裂变,100,55.0,8.6,
339,1446417,微观动机与宏观行为,222,22.0,8.2,
340,6976968,冬吴相对论2,227,49.9,8.9,42.4
341,1550973,同意的计算,109,23.0,8.2,
342,26743607,商业的本质,543,49.0,7.6,36.8
343,3348742,牛奶可乐经济学2,1340,39.8,7.2,29.9
344,4139254,利率史,103,92.0,7.7,69.0
345,25777447,货币战争5,540,46.0,7.9,30.5
346,5921785,乱世华尔街,1203,39.8,8.7,
347,1011216,佃农理论,308,18.0,8.5,15.3
348,1002574,资本主义的动力,138,5.8,8.8,
349,26258214,理念的力量,222,49.0,8.0,35.5
350,6427157,从来就没有救世主,386,38.0,8.2,30.1
351,26756689,货币数量、利率调控与政策转型,16,69.0,8.1,54.9
352,25953932,第二次机器革命,262,59.8,8.2,44.9
353,3518436,现代宏观经济学,91,45.0,9.1,
354,4882102,不可思议的年代,332,45.0,7.5,23.4
355,3776679,郎咸平说：谁在谋杀中国经济,3166,32.0,7.4,23.4
356,26383233,中央银行与货币供给,20,58.0,8.2,
357,26932403,历史 记忆 生产,10,23.8,,20.2
358,25890247,风吹江南之互联网金融,354,,8.4,41.3
359,21363088,价格游戏,227,42.0,7.9,
360,26895402,经济学思维,95,45.0,6.8,32.1
361,2983307,和约的经济后果,87,28.0,8.8,
362,26220124,货币野史,57,52.0,8.4,39.0
363,26361453,郁金香热,227,49.0,7.7,36.8
364,26358914,正义的成本,171,85.0,7.8,
365,3394945,蘇格蘭人如何發明現代世界,41,152.0,8.4,
366,5346110,穷查理宝典,3307,88.0,9.0,
367,2326852,技术革命与金融资本,79,35.0,8.4,
368,3140334,无快乐的经济:人类获得满足的心理学,94,49.8,8.6,41.2
369,4322858,东南亚的贸易时代,51,88.0,9.0,78.6
370,5408889,一件T恤的全球经济之旅,182,39.0,7.7,
371,1010915,世纪大拍卖,238,29.0,8.6,
372,1961159,朋友还是对手,160,25.0,7.8,20.0
373,2255991,经济学原理,65,,9.2,
374,3200450,小趋势,1561,55.0,7.4,46.7
375,1878630,理性与自由,131,58.0,8.8,
376,20379631,古典经济学,45,68.0,9.3,
377,26689271,韩娱经济学,61,48.0,7.3,36.0
378,10434287,搞懂金融的第一本书,596,36.0,8.0,24.0
379,2152822,哈耶克评传,184,33.0,8.6,
380,2363744,在星巴克要买大杯咖啡！,2821,26.8,6.4,8.6
381,1046164,巴菲特致股东的信,1764,38.0,8.3,28.9
382,2137745,短缺经济学（上下）,27,4.6,9.0,
383,4074403,伟大的中国经济转型,111,86.0,8.6,77.4
384,10799984,大数据,2762,49.9,7.5,42.4
385,2265341,维基经济学,1080,43.8,7.1,31.1
386,26658379,必然,2893,58.0,8.4,60.0
387,1077260,制度经济学,287,40.0,8.6,
388,1418276,Microeconomic Theory,301,742.5,9.4,2233.0
389,3347568,转型中的地方政府,127,45.0,8.7,
390,1417775,中国证券市场批判,536,26.0,8.6,
391,1485722,风险、不确定性与利润,109,21.0,8.4,
392,1262630,博弈论与信息经济学,638,40.0,7.8,
393,1410322,经济学（上下册）（第三版）,336,96.0,8.7,
394,1137749,经济学,79,78.0,8.7,
395,4023402,经济指标解读,136,48.0,8.0,
396,3315951,被掩盖的经济真相,208,38.0,7.6,
397,2338638,预知社会,343,45.0,8.2,
398,1133991,财产权利与制度变迁,205,20.0,8.8,
399,1085487,农民的道义经济学,181,15.8,8.5,
400,5992743,看懂世界格局的第一本书,2052,35.0,7.9,18.2
401,3189919,石油大博弈（上）,176,39.0,7.9,
402,4175450,当中国统治世界,945,39.0,7.4,0.0
403,10607197,中国经济到了最危险的边缘,1054,39.0,8.1,28.9
404,26611892,共享经济,203,59.9,7.0,43.3
405,4210756,写给中国人的经济学,750,38.0,7.8,30.0
406,1968264,卖竹竿的小贩为什么不会倒？,941,18.0,7.4,
407,3507422,萧条经济学的回归和2008年经济危机,410,30.0,8.4,
408,25756203,底特律往事,102,48.0,8.1,
409,4326049,社会选择与个人价值,97,28.0,8.7,
410,25953827,城乡中国（下）,164,39.0,8.4,29.3
411,26279564,《21世纪资本论》导读本,53,39.0,8.2,33.1
412,3225659,金融帝国,239,48.0,8.3,23.5
413,2301436,不顾诸神,736,39.0,7.9,
414,6793942,黄金、美元与权力,44,39.0,8.1,31.2
415,1006020,白银资本,495,35.0,7.5,37.8
416,25712458,大繁荣,172,,7.4,51.3
417,1438147,让数字说话,889,32.0,9.0,30.0
418,1910216,会计学基础,105,29.0,9.0,
419,3738532,经济决策的概率模型,23,56.0,8.9,47.6
420,22741516,美联储,125,99.0,8.0,68.1
421,1085393,新兴古典经济学与超边际分析,161,27.0,9.0,
422,1430069,政治经济学及赋税原理,94,28.0,8.7,25.2
423,1220041,在增长的迷雾中求索,87,28.0,8.7,
424,4225644,街头生意经,1185,29.0,8.5,
425,1141543,金融心理学,1017,29.0,7.8,
426,10550572,金钱关系,69,69.0,7.9,51.8
427,26293301,奥地利学派的大师们,38,48.0,8.8,36.0
428,1012962,货币哲学,91,49.0,8.8,
429,11601459,能源重塑世界（上下）,92,120.0,8.4,96.0
430,19955707,中国改革,123,42.0,8.8,33.0
431,2026086,博弈论的诡计,1496,29.0,7.6,18.9
432,1510737,经济史上的结构和变革,214,19.0,8.4,18.7
433,25862667,解释的工具：生活中的经济学原理,125,45.0,8.3,35.1
434,3162523,Mostly Harmless Econometrics,124,240.625,9.3,
435,4265573,赌客信条,486,35.0,8.1,
436,26345472,全球经济史-牛津通识读本,81,25.0,8.1,19.7
437,4748753,机构投资的创新之路,218,58.0,8.7,46.8
438,1871281,中国土地制度史,119,30.0,8.5,
439,4062213,财务是个真实的谎言,505,29.0,7.7,19.72
440,3027464,专业投机原理,1054,68.0,8.6,
441,5068097,计量经济学导论,218,95.0,8.8,
442,25720885,超级合作者,130,79.9,8.2,62.3
443,26342274,纯粹经济学,134,49.0,8.0,38.7
444,1086275,微观经济学,692,72.0,8.4,
445,3698555,货币崛起,471,39.0,7.3,
446,2253697,M型社会,692,28.0,7.5,
447,4923147,史上最伟大的交易,318,49.8,8.0,37.4
448,2372640,为增长而竞争,54,40.0,8.8,
449,1705302,现代经济学的历程,151,39.0,8.9,
450,1390512,家庭论,85,32.0,8.3,29.9
451,3031727,中国货币史,94,120.0,9.0,
452,25860723,Economic Principles,37,,9.3,
453,2038122,企业的性质,58,21.0,8.8,
454,25846145,布雷顿森林货币战,91,69.0,7.8,54.5
455,1169104,产权的经济分析,181,16.0,9.1,
456,20507192,重启改革议程,148,38.0,8.7,32.3
457,3413327,经济学的邀请,124,30.0,8.6,45.0
458,26757535,资本的真相,20,49.0,7.7,38.7
459,4720572,超爆魔鬼经济学,1430,39.0,7.5,148.0
460,1511636,价值投资,134,,8.7,
461,1070147,大分流,390,44.0,7.7,38.7
462,4047067,成本与选择,104,22.0,8.5,
463,1274030,人口原理,311,11.0,7.8,18.6
464,10516877,体验经济,100,48.0,8.0,96.0
465,5921213,MBA教不了的创富课,3296,28.0,8.5,20.2
466,4140489,官僚体制的政治,93,20.0,8.8,
467,4217139,高盛帝国（上）,1552,42.0,7.5,31.5
468,6548683,商业的常识,1071,35.0,7.6,
469,25851669,不流于美好愿望,29,49.0,8.7,41.6
470,4063315,師父-那些我在課堂外學會的本事,29,140.0,8.9,
471,6004589,资本与利息,40,31.0,9.1,27.7
472,26593901,合作的物种,15,62.0,7.9,47.8
473,3242450,为什么我们的钱变薄了,347,29.0,8.0,
474,1013378,证券分析,1588,60.0,8.8,
475,1977840,房间里最精明的人,176,42.0,7.7,
476,2012517,经济分析基础,26,48.0,9.6,
477,1004118,富爸爸财务自由之路,2638,23.8,8.2,
478,5922121,经济学理论与认知科学,28,48.0,8.5,38.7
479,1262816,泡沫经济学,86,14.5,7.7,
480,3376690,中国怎么办,1601,38.0,8.4,17.1
481,1928447,国际经济学,350,32.0,8.5,
482,6977935,货币战争4,1151,39.9,7.5,37.9
483,26417039,废物星球,54,48.0,8.0,34.0
484,23193963,推手,61,58.0,8.8,46.5
485,24705392,金融可以颠覆历史,437,36.0,6.9,24.8
486,6119948,海盗经济学,264,39.8,7.2,28.7
487,26320379,小众行为学,240,42.0,6.4,31.5
488,1958147,一个经济杀手的自白,1341,35.0,7.4,
489,1190181,国家的视角,446,35.0,8.4,
490,3717165,众包,791,36.0,7.3,
491,3257745,白人的负担,116,45.0,7.9,
492,2009978,解除束缚的普罗米修斯,31,59.0,8.8,50.1
493,24704563,思想的力量,40,88.0,8.8,70.4
494,1057779,哈耶克传,423,26.0,8.2,
495,4720006,峭壁边缘,667,49.0,8.0,63.0
496,4126261,身份与暴力,704,28.0,8.1,
497,1661368,公共事物的治理之道,263,23.0,8.9,
498,1047001,资本主义与二十一世纪,2038,32.0,8.1,22.4
499,2326487,郎咸平学术文选（全二册）,67,128.0,9.3,
500,20536746,The Rise and Fall of American Growth,13,274.65625,7.5,404.8
501,11591539,时寒冰说,820,39.9,8.0,30.4
502,3618093,策略博弈,104,65.0,8.5,
503,10787101,纸与铁,71,69.0,7.7,51.8
504,26778810,Global Inequality,10,205.90625,,212.0
505,1037572,从马克思到凯恩斯,75,17.0,8.5,
506,21965914,Think Like a Freak,110,,7.6,148.0
507,5424508,高级计量经济学及Stata应用,57,39.8,9.5,
508,7154659,经济学之路,34,49.0,8.6,27.6
509,4898529,论经济学和经济学家,187,28.0,8.7,
510,3229849,粮食危机,424,39.0,8.0,19.1
511,10566145,美国金融危机调查报告,13,116.0,7.8,87.0
512,1055273,权力与货币,67,19.8,8.9,
513,2075831,疯狂、惊恐和崩溃,198,48.0,7.7,
514,3702843,基于实践的微观经济学,79,15.0,9.1,12.3
515,5394483,货币生产的伦理,108,36.0,8.5,29.0
516,3000263,经济学是如何忘记历史的,77,59.0,8.4,25.4
517,25941373,令人惊艳的十年,32,35.0,8.1,29.8
518,2131777,财富的帝国,231,42.0,7.6,
519,26804095,百年经济史笔记,19,92.0,7.5,62.5
520,4039355,牛奶可乐经济学3,540,39.8,7.4,31.8
521,10759564,近代英国工业革命揭秘,42,72.0,8.5,61.2
522,3266550,现代奥地利学派经济学的基础,186,24.0,8.5,
523,3094759,合作的复杂性,113,30.0,8.4,25.2
524,26612357,人为制造的脆弱性,15,88.0,8.0,69.5
525,1028005,经济分析史（第三卷）,101,27.0,9.1,44.7
526,1263907,国际经济学,241,79.0,8.5,
527,24232359,亚当·斯密传,29,98.0,8.6,77.4
528,25760062,新金融秩序,90,,7.5,46.6
529,1964540,政治经济学,53,69.0,8.6,46.3
530,25704047,2052：未来四十年的中国与世界,166,58.0,7.5,45.8
531,4137490,牛角包一样的会计,747,28.0,7.5,19.3
532,26659834,盐糖脂,94,52.0,7.5,39.0
533,1179158,拯救日本,77,38.0,8.3,
534,6519849,一切皆有价,338,42.0,7.4,31.5
535,4860587,通产省与日本奇迹,70,42.0,8.3,
536,3693086,富裕社会,98,25.0,8.0,
537,4292120,低智商社会,1792,32.0,7.0,24.0
538,6963612,经济思想史的趣味,173,39.0,8.1,
539,25784098,华尔街之狼,327,45.0,7.3,35.5
540,3597843,自由与市场经济,113,48.0,8.7,40.8
541,1936599,身边的博弈,520,28.0,7.9,25.2
542,1196938,增长的极限,196,11.8,7.9,
543,1769189,弗里德曼的生活经济学,824,35.0,7.4,
544,6998576,房价的本质,85,32.0,8.0,25.6
545,26315806,台湾往事,74,45.0,8.1,35.5
546,1130426,微观经济学十八讲,658,36.0,8.2,31.3
547,23764874,影子里的中国,254,39.8,7.2,29.5
548,1016929,法律的经济分析(上下),138,49.0,8.8,
549,26699908,刚性泡沫,86,48.0,7.2,37.5
550,1789444,第三次浪潮,621,38.0,8.4,
551,26863595,陈经说,15,58.0,7.9,43.1
552,25804908,一篇读罢头飞雪，重读马克思,220,49.0,7.6,36.8
553,1916259,资本实证论,36,35.0,9.2,30.5
554,24863293,欧元的悲剧,107,,8.5,33.1
555,6849285,加图决策者手册,80,66.0,8.6,56.1
556,3032198,饺子馆和高级餐厅，哪个更赚钱？,489,28.0,7.6,
557,6510691,繁荣的背后,56,48.0,8.6,96.0
558,1860684,欢乐的经济学,115,28.0,7.6,
559,24381413,看得見與看不見的,71,,8.7,
560,4723768,经济社会的起源,103,32.0,8.4,27.2
561,4303209,行为经济学新进展,39,78.0,8.7,66.3
562,1261642,经济学原理,227,68.0,8.5,
563,1031253,看不见的心,314,19.0,8.0,
564,1928411,真实世界的经济学,243,34.0,7.9,
565,1084649,企业生命周期,61,39.8,8.6,
566,1142995,大道至简,43,55.0,9.0,
567,2237676,The Age of Turbulence,315,240.625,8.4,248.0
568,1000093,民族国家与经济政策,152,8.5,9.0,
569,1053707,经济分析史（第二卷）,104,30.0,9.1,36.3
570,26666438,癫狂与恐慌,23,,8.5,51.2
571,6423666,纳什均衡与博弈论,215,29.8,7.4,22.4
572,2155336,经济学方法论探究,93,32.0,8.5,27.2
573,1461267,活学活用博弈论,387,39.8,7.9,32.1
574,26612166,同理心文明,26,69.0,8.0,51.8
575,1436855,经济思想的成长,58,78.0,9.0,65.5
576,26733967,经济增长理论史,10,,,124.8
577,11632330,经济学讲义（下）,148,45.0,8.6,33.8
578,5068453,公司的力量,654,59.8,8.0,41.1
579,26338839,风险与好的决策,70,59.0,7.9,46.6
580,3887659,当经济学遇上生物学和心理学,382,39.8,7.5,29.9
581,10484710,鲍尔货币金融学,24,79.8,9.1,71.8
582,24871400,凯恩斯、拉斯基、哈耶克：改变世界的三个经济学家,43,58.0,7.3,46.7
583,26840394,鸿观,39,49.9,8.6,34.3
584,26190562,货币政策实施:理论、沿革与现状,13,36.8,8.1,39.1
585,26874502,金钱与好的生活,13,65.0,7.2,48.7
586,25884442,有些道理只是逼真,146,25.0,8.1,21.1
587,4159397,政治博弈论,43,45.0,8.7,36.8
588,25781918,比特币,377,39.0,7.2,29.3
589,1871328,中国经济制度史论,107,42.0,8.5,
590,26707279,Dark Money,10,205.90625,,214.5
591,4241667,足球经济学,394,39.8,7.9,
592,26367420,Who Gets What — and Why,40,192.5,8.2,167.1
593,3905263,罗斯柴尔德家族.第1部,222,39.0,7.6,
594,4166301,十字路口的中国经济,108,35.0,8.0,
595,1789440,财富的革命,232,45.0,7.8,29.3
596,1254597,15至18世纪的物质文明、经济和资本主义（第一卷）,203,27.8,9.2,
597,1104482,投资学精要,136,90.0,8.2,
598,3179291,剑桥美国经济史（第一卷）,51,48.0,8.5,
599,4239246,市场的力量,261,38.0,7.9,30.4
600,3036524,石油战争,722,39.0,7.7,30.9
601,1159542,新企业的起源与演进,88,48.0,8.6,
602,10945357,竞争论,29,88.0,9.1,66.0
603,1140879,世界经济千年史,151,58.0,7.8,
604,6517366,我在高盛的经济预测法,182,39.0,7.7,33.1
605,2013150,债券市场分析和策略,79,76.0,8.2,
606,2971878,劳动与垄断资本,56,,9.0,
607,2381199,日本经济奇迹的终结,68,0.27,8.5,
608,4721724,兜售繁荣,154,34.0,8.5,25.5
609,3726694,经济学原理,87,48.0,8.6,43.2
610,2995495,經濟學的最後基礎,39,,9.2,
611,6182400,“中国模式”到底有多独特？,422,32.0,7.7,24.0
612,26872481,欧洲财政国家的兴起,10,68.0,,57.8
613,3128794,贸易打造的世界,183,38.0,8.1,27.4
614,25948349,中级微观经济学精要,10,50.0,,42.5
615,1144530,哈佛商学院启示录,152,9.8,8.5,
616,26840503,大势研判,20,65.0,7.6,48.8
617,3696561,世界又热又平又挤,576,48.0,7.5,40.8
618,5347809,社会主义：经济计算与企业家才能,81,42.0,8.7,34.1
619,26593889,不确定的荣耀,19,68.0,8.0,54.8
620,26307131,郎咸平说：中国经济的旧制度与新常态,188,39.0,8.0,29.1
621,5408891,反常识经济学,236,56.0,7.4,42.0
622,5921769,地产霸权,165,39.8,6.7,33.8
623,3669688,NO LOGO,943,45.0,7.6,
624,4199738,哈耶克读本,60,60.0,8.6,
625,3141521,最底层的10亿人,111,30.0,7.9,
626,26214776,实力、运气与成功,128,39.8,7.6,29.2
627,4243276,田园诗与狂想曲,557,38.0,9.3,27.4
628,26936129,里根传(上),10,,,55.2
629,4002726,听故事学会计,174,28.0,8.6,
630,3803280,承诺的策略,40,35.0,8.4,
631,4218691,休克主义,214,45.0,8.2,35.1
632,1619280,当代西方经济学主要流派,62,33.0,8.3,48.0
633,1933951,改造传统农业,134,16.0,8.7,13.6
634,1928449,国际经济学,280,54.0,8.7,
635,1019877,开放社会,179,25.0,8.4,
636,4048193,财政学,118,63.0,8.5,56.9
637,2025649,货币、银行与金融市场,63,75.0,8.5,
638,4831337,郎咸平说：新帝国主义在中国 2,1821,32.0,8.0,24.8
639,1487888,经济学.英文版·第18版/中国教育部推荐原版引进教材,10,170.0,,
640,3635974,富人国,251,36.0,6.8,24.8
641,6967545,嚣张的特权,208,38.0,8.0,30.4
642,1048851,体验经济,256,38.0,7.5,8.71
643,3528045,富国的伪善,88,39.0,8.8,31.2
644,25743457,企鹅与怪兽,56,52.9,7.4,41.2
645,4178315,货币战略论,255,38.0,8.1,
646,10523687,农业与工业化,34,32.0,9.1,24.0
647,4016441,公共问题经济学,58,28.0,8.0,
648,21268040,竞逐富强,72,58.0,8.8,45.7
649,1042075,生活中的经济学,148,25.0,7.5,
650,24089470,最后的狂人,165,45.0,7.8,35.1
651,24876734,真实的人的经济学,48,32.0,8.0,25.2
652,26658944,大数据经济,70,32.0,7.8,25.3
653,2377819,惯于争鸣的印度人,156,,7.8,
654,3925917,巴比伦最富有的人,215,20.0,7.9,
655,5419238,过去的钱值多少钱,82,26.0,8.1,
656,4736005,美国宪法的经济观,76,20.0,8.0,17.0
657,3235204,三井帝国在行动,690,45.0,7.6,35.5
658,3248522,非理性亢奋,329,38.0,7.7,
659,4053033,我们怎样阅读中国,240,32.0,8.3,27.2
660,26435017,资源革命：如何抓住一百年来最大的商机,147,56.9,7.4,47.3
661,1084473,双赢之道,34,23.0,8.4,
662,1138353,统计学的世界,523,79.0,8.8,
663,2357740,中国经济史,117,85.0,8.0,61.6
664,3060949,价格理论,57,10.2,8.9,
665,1089405,中世纪晚期欧洲经济社会史,87,56.0,8.6,45.0
666,5419108,理性的边界,36,34.0,8.3,27.8
667,20471994,中国股市,53,48.0,8.6,37.5
668,3216007,郎咸平说：热点的背后,2201,29.0,7.8,22.6
669,4249967,财务自由之路,1214,28.0,8.1,
670,3667896,消费心理学,58,29.0,7.0,26.1
671,1320298,超越恐惧和贪婪,138,37.0,7.9,
672,2139493,宽客人生,677,38.0,8.0,
673,3265235,谁赚走了你的薪水,152,36.0,7.4,0.0
674,1318427,蓝海战略,3656,38.0,7.7,
675,4886251,哈佛经济学笔记,757,38.0,7.3,30.0
676,6860558,一只iPhone的全球之旅,958,36.0,7.2,17.6
677,2030439,赢者的诅咒,177,35.0,7.8,
678,1536542,资本主义发展论,56,19.0,8.7,33.1
679,1131430,博弈论与社会契约（第1卷）,21,32.0,8.6,
680,4012118,高手,138,35.0,8.3,
681,1313980,制度、契约与组织,71,39.6,8.5,
682,26865812,方太儒道,104,49.0,8.4,37.2
683,1315171,奢侈与资本主义,209,18.0,7.9,
684,1792470,行为博弈,60,69.0,8.4,
685,5029370,百辩经济学,353,39.0,7.7,
686,2567247,性越多越安全,742,35.0,6.6,22.8
687,1186151,资本主义经济制度,56,41.0,8.6,44.2
688,1312035,计量经济学基础（第四版）（上、下册）,249,95.0,8.3,
689,26434594,民营化与PPP模式:推动政府和社会资本合作,10,59.0,,47.5
690,3193403,病有所医当问谁,127,32.0,8.8,
691,1172782,全球视角的宏观经济学,311,65.0,8.5,
692,6526466,行为金融,28,62.0,8.1,52.7
693,6105339,煤老板自述三十年,636,29.8,7.6,19.4
694,2159689,贫穷的终结,177,28.0,8.0,
695,10439914,资本主义精神和社会主义改革,344,30.0,7.6,25.3
696,1445685,日本经济的悖论,58,22.0,8.4,
697,25833586,云端经济学,46,36.0,8.7,28.1
698,2413251,理解经济变迁过程,120,26.0,8.6,
699,5405599,策略,32,39.0,8.2,30.8
700,24465833,吴敬琏文集（套装共3册）,23,180.0,8.7,142.6
701,10432196,從自由到壟斷,27,,8.2,
702,25978801,迷失的盛宴,28,49.0,7.3,38.7
703,26860975,宇宙的主人，市场的奴隶,10,68.0,,53.7
704,6309791,Boomerang,153,180.0,8.4,220.4
705,3315483,郎咸平说：谁都逃不掉的金融危机,1506,28.0,7.8,21.8
706,26681421,都市财富,10,,,46.7
707,3693088,不确定的时代,151,26.0,8.2,
708,11632327,从西潮到东风,203,59.0,7.9,71.0
709,1139211,发展经济学,39,68.0,9.0,57.8
710,1451390,Time Series Analysis,85,687.5,9.2,1160.9
711,26293878,非理性繁荣（第二版）,63,48.0,8.5,35.9
712,11631816,致穷,98,35.8,8.3,29.0
713,4884847,经济黑帮,158,38.0,7.4,28.5
714,1006419,十六世纪明代中国之财政与税收,840,25.0,8.4,20.3
715,26860153,汇率的本质,17,58.0,7.7,45.8
716,3298715,Introduction to Modern Economic Growth,65,756.25,9.5,781.1
717,26922908,大衰退：宏观经济学的圣杯,10,48.0,,36.0
718,1021340,掠夺之手,60,25.0,8.6,
719,5325363,八〇年代,344,48.0,7.9,36.0
720,5408888,美学的经济,237,45.0,7.4,33.8
721,20279780,国际金融危机,33,69.0,8.1,58.6
722,10481001,大债,113,35.0,8.2,27.6
723,1958122,创造性破坏,133,20.0,7.9,
724,1176864,货币、银行与经济,70,42.0,8.4,
725,4873444,中国为什么有前途,118,38.0,6.6,0.0
726,4158135,日本的反省,203,28.0,7.4,
727,1456285,University Economics,23,953.7,9.4,
728,26393046,机器人时代,155,49.0,7.6,36.7
729,5379189,米塞斯评传,152,22.0,8.4,9.5
730,2335325,经济学基础文献选读,75,34.0,9.0,50.0
731,26834083,伟大的中国工业革命,17,59.0,7.5,44.3
732,1758109,犬与鬼,312,29.8,7.6,
733,10581468,正义的理念,118,58.0,8.6,46.7
734,25769112,娱乐产业经济学,12,68.0,7.9,54.8
735,3142118,郎咸平说：公司的秘密,1572,28.0,7.5,20.2
736,7060413,看懂财经新闻的第一本书,1130,32.0,6.4,22.08
737,26715322,供给侧改革,62,48.0,6.9,33.0
738,25835623,亚财政,122,42.0,7.9,32.7
739,1055038,经济学是什么,493,18.0,7.7,24.0
740,5993545,如果巴西下雨，就买星巴克股票,113,36.0,7.1,
741,25762436,房地产的繁荣与萧条,56,39.0,8.0,30.4
742,2334078,混序：维萨与组织的未来形态,191,,8.6,
743,3994868,钱的外遇,336,28.0,7.6,
744,3283973,啤酒与尿布,225,38.0,7.4,56.0
745,1066155,盐铁论校注,110,86.0,8.9,72.0
746,1442992,改革时期的外国直接投资,73,38.0,8.7,19.0
747,5912230,世界是部金融史,415,39.5,7.3,27.3
748,4267929,资源角逐,102,36.0,8.8,26.6
749,2044286,中国的新革命,347,38.0,7.9,28.5
750,25841476,经济解释卷四：制度的选择（神州增订版）,77,38.0,9.0,
751,10595870,解读中国经济指标,62,48.0,7.9,40.8
752,1444052,民主的经济理论,106,28.0,8.3,
753,25662386,大对决：即将爆发的中美货币战争,77,42.0,8.1,
754,6798703,知识笔记,133,36.0,7.9,28.1
755,4906492,金融市场技术分析,368,80.0,8.8,63.2
756,10564056,教皇与银行家,31,40.0,7.3,32.5
757,7154812,税的真相,236,38.0,7.6,15.6
758,4191818,彼得·林奇教你理财,557,36.0,7.6,28.4
759,24863117,美国企业家,20,42.0,8.5,
760,10527305,房地产大周期的金融视角,167,35.0,7.1,
761,26279300,美国制造:国家繁荣为什么离不开制造业,23,49.9,7.5,39.4
762,25823535,The Son Also Rises,22,205.90625,8.6,332.0
763,1146264,收入是一连串事件,218,22.0,8.2,
764,3107126,城市与国家财富,60,30.0,8.3,
765,2111085,财务报表分析,225,70.0,9.2,60.7
766,3845472,Predictably Irrational,80,81.0,8.9,196.0
767,26576505,繁荣的真谛,20,48.0,7.9,38.5
768,10863322,自然的经济史,18,59.0,8.3,49.5
769,26617517,经济学原理,39,68.0,8.0,51.0
770,4012148,轻松读懂财报,302,22.0,8.0,
771,20312382,穷思维 富思维,63,42.0,8.2,56.0
772,25912364,吾民无地,95,42.0,8.2,38.2
773,1032803,现代资本主义,42,40.0,8.7,
774,1106296,给你所爱的人以自由,175,20.0,8.1,
775,1150808,现代经济学与中国经济改革,56,25.0,8.7,
776,1391816,弗里德曼文萃（上下册）,54,56.0,8.9,
777,4909252,日本经济史,61,48.0,7.7,40.8
778,25714556,中国政府间财政关系再思考,26,58.0,7.8,
779,4862752,现代经济学主要流派,29,98.0,8.8,78.9
780,1008379,政治与市场,34,25.0,8.6,
781,11601987,现在终结萧条！,100,59.0,8.0,46.0
782,1861805,世界是平的,773,38.0,7.3,30.1
783,1316020,奢侈的概念,79,22.0,7.6,9.9
784,3030859,大众经济学,280,18.0,7.7,
785,5325844,任你评说,171,39.0,8.0,31.2
786,24845960,中午吃什麼? 一個經濟學家的無星級開胃指南,45,110.0,7.3,
787,1787516,经济理论中的最优化方法,93,22.0,8.6,
788,3364724,西洋经济史的趣味,338,24.0,7.5,
789,1169318,宪政经济学,96,38.0,8.2,
790,1186753,在不确定的世界,394,35.0,8.1,
791,1080389,顾准笔记,153,35.0,9.0,
792,3882250,后资本主义社会,84,33.0,8.8,28.0
793,2025235,顾准文集,2030,39.8,9.1,22.9
794,26702089,商业模式全史,160,42.0,7.1,31.5
795,3340424,闲不住的手,110,42.0,7.5,
796,26932268,The Great Convergence,10,205.90625,,
797,20480825,未来十年,80,48.0,8.6,36.0
798,4709172,理解资本主义 （第3版）,44,66.0,8.1,53.1
799,26377140,好奇者的经济学,47,37.8,7.6,28.4
800,1279618,现代竞争分析,46,38.0,8.3,30.6
801,25952125,尼尔?弗格森经典系列（套装共13册）,10,900.0,,765.0
802,2212007,经济学常识,237,28.0,7.6,15.8
803,25845610,一以贯之,23,49.0,8.5,36.8
804,1706274,现代投资组合理论和投资分析,30,79.0,9.1,
805,2567431,伦巴第街,52,25.0,7.8,13.9
806,25981234,金融新格局,38,78.0,7.8,60.8
807,26538640,经济管理类大学生60部必读经典著作导读,129,52.0,7.6,
808,1659350,经济学与人类关怀,80,21.0,8.9,
809,4147040,亲密关系的购买,21,35.0,8.0,29.7
810,5364295,奥地利学派,117,30.0,8.4,24.8
811,1183711,在商言商,78,24.0,8.7,
812,1486718,产权、激励与公司治理,46,42.0,8.5,
813,1508435,新制度经济学,170,35.0,8.2,
814,26603168,The Essential Hayek,36,,8.0,
815,1224613,喧嚣的九十年代,93,48.5,8.4,41.6
816,2004704,金融知识国民读本,200,26.0,7.9,
817,3179286,剑桥美国经济史（第三卷）,52,98.0,8.6,
818,25924610,政府与市场,21,36.0,8.0,30.6
819,26422298,奇点系列,31,182.0,8.3,143.1
820,1390096,哈耶克论文集,54,49.0,9.0,
821,26865187,弗兰克·奈特文集（卷一）：经济学的真理,10,78.0,,
822,4012315,财经论衡,30,36.0,6.8,
823,26695132,世界土地所有制变迁史,20,79.8,7.7,59.6
824,19950855,繁荣的求索,93,36.0,8.2,28.4
825,25837660,投资者的敌人,104,58.0,7.4,45.8
826,1027092,市场的昨天与今天,38,14.0,9.1,
827,6877419,房地产周期百年史,18,68.0,8.3,54.8
828,25837631,小趋势,56,45.0,8.0,38.2
829,20499466,极限金钱,27,69.0,9.4,57.4
830,25818731,交易的艺术,12,,7.3,52.7
831,4198018,五百年来谁著史,895,32.0,7.3,
832,1421049,刷盘子，还是读书？,343,28.0,8.1,22.4
833,3650898,现代产业组织,23,98.0,9.1,78.9
834,25871778,数据之巅,996,65.0,8.4,48.8
835,25716608,一本书读懂中国税,468,32.0,7.1,23.1
836,1317115,金融市场与机构通论,89,,8.4,
837,26828720,零售的本质：7-Eleven便利店创始人的哲学,17,45.0,7.8,34.3
838,26795403,世界是部金融史,23,48.0,8.1,36.0
839,1116369,伦理学与经济学,108,10.0,8.4,
840,1421923,大国的兴衰,1255,58.0,8.2,37.7
841,1009583,制高点,51,28.0,8.6,
842,2011330,我是如何弄垮巴林银行的,148,18.6,7.4,
843,2053628,经济学300年,101,88.0,8.1,
844,10805281,"The Economics of Money, Banking and Financial Markets",39,653.2625,9.3,
845,1314996,论经济学方法,264,24.0,8.2,
846,26290085,手把手教你读财报,699,49.0,8.8,34.9
847,2568149,财富公式,181,32.0,7.6,
848,26899738,出奇制胜：在快速变化的世界如何加速成功,59,45.0,7.9,35.5
849,3732495,Poorly Made in China,68,171.53125,8.3,
850,2151543,与天为敌,292,38.0,8.0,
851,10568233,策略投资,262,80.0,9.0,63.2
852,3295787,Social and Economic Networks,31,653.125,9.1,
853,4774429,走向繁荣的战略选择,79,4.0,7.9,
854,3108943,微观经济理论基本原理与扩展,233,75.0,8.7,
855,4233354,见证失衡,55,36.0,8.6,30.6
856,3225781,他乡之税,143,49.0,8.2,
857,10449645,美国产业结构,17,65.0,7.7,55.2
858,4139970,当大脑遇到金钱,152,35.0,7.9,25.2
859,25698920,绩效致死,130,45.0,7.3,33.8
860,26734750,罗辑思维：中国为什么有前途,200,42.0,6.8,29.9
861,1441725,大家的经济学,255,35.0,8.0,26.3
862,4931687,巴菲特致股东的信,40,45.0,8.5,62.0
863,3574119,郎咸平说：金融超限战,1496,28.0,7.5,21.0
864,3818462,经理人财务知识一本通,64,39.8,8.5,
865,1144436,经济学语境下的法律规则,88,29.0,8.1,14.2
866,3270417,宏观经济学,160,55.0,8.6,43.9
867,26713332,供给侧改革引领十三五,56,49.0,7.6,36.8
868,6729413,郎咸平说,1047,32.0,8.0,23.1
869,10773361,什么改变中国,227,39.0,7.8,29.3
870,2983878,富裕的杠杆,27,39.8,8.2,33.43
871,1283500,流行的国际主义,60,17.0,8.4,14.1
872,2005400,经济史：历史观与方法论,31,45.0,8.5,
873,1948897,经济通史,97,35.0,8.4,
874,26633750,金融的逻辑 2,82,52.0,7.6,37.6
875,2036527,经济增长的秘密,96,25.0,8.2,
876,1023248,悲观博士考夫曼论货币与市场,40,27.8,8.5,
877,26376913,数量金融(原书第2版)(第1卷),10,119.0,,94.0
878,10540193,萨缪尔森谈财税与货币政策,25,25.0,8.3,20.7
879,20451565,货币政策,14,59.0,8.2,
880,2778099,How to be Human*,10,178.40625,,357.0
881,1444859,熊彼特,51,27.0,8.4,
882,3174586,驾驭经济,25,38.0,9.0,26.6
883,11589947,这个时代的无知与傲慢,550,58.0,7.7,
884,1773515,Asset Pricing,70,790.625,9.0,1160.9
885,1315192,知识资产：在信息经济中赢得竞争优势,29,35.0,8.7,
886,26686689,历史上的企业家精神,10,88.0,,69.5
887,4035874,郎咸平说：谁在拯救中国经济,1587,29.0,7.7,22.6
888,26383940,知识与权力,31,58.0,6.6,45.2
889,3591151,巴菲特教你读财报,776,30.0,7.3,
890,1961169,期货与期权市场导论,51,62.0,9.1,52.8
891,1759703,Recursive Methods in Economic Dynamics,68,529.375,9.5,954.6
892,26856935,富人的逻辑,16,48.8,7.2,35.6
893,1678257,罗马帝国社会经济史（全两册）,95,47.0,8.4,40.9
894,7051898,帝国,338,68.0,7.7,51.0
895,10575153,资本主义-牛津通识读本,145,25.0,7.5,19.8
896,19991062,行为经济学,22,58.0,7.8,45.7
897,1049236,寡头,73,28.0,8.4,
898,1083161,风险投资家环球游记,767,32.0,8.4,
899,21709397,人文经济学,68,36.0,8.0,30.6
900,1704223,各国的经济增长,18,26.0,8.5,28.6
901,5033884,制度是如何演化的,24,38.0,8.6,
902,1445733,制度、技术与中国农业发展,91,22.0,8.8,
903,26785436,中国社会经济通史,26,32.0,7.4,25.0
904,4256699,中国做对了什么,181,27.0,8.0,22.1
905,23691749,十年轮回,35,58.0,8.8,
906,3837302,应该读点经济史,105,45.0,7.2,
907,20387813,China's Superbank,65,343.40625,8.3,
908,7153506,超越功利主义,45,40.0,8.7,32.5
909,1013910,两个幸运的人,172,48.0,7.8,
910,1871295,中国传统农村的地权分配,97,24.0,8.5,
911,1103152,关于中国与世界的五大神话,14,32.0,7.2,
912,25858767,中国影子银行监管研究,56,69.0,8.4,55.6
913,1029336,财务骗术,84,29.8,7.4,
914,11626950,新结构经济学,109,45.0,7.7,38.2
915,26578130,购买时间,17,,7.3,38.2
916,26607882,行为经济学要义,35,42.0,8.1,35.7
917,3393287,金融学,277,69.9,7.3,
918,1049552,专业化与经济组织,31,37.0,8.8,37.0
919,3219365,美国怎么了？,625,35.0,7.5,18.0
920,11445552,中国经济增长，靠什么？,69,39.0,7.6,30.4
921,6885949,网络、群体与市场,193,69.0,8.8,60.7
922,25759086,追问阳光财政——2009公民税权手册,232,62.0,9.3,
923,3049843,Neuroeconomics,10,480.90625,,
924,4267860,霸权博弈,86,36.0,8.9,26.6
925,5994697,国际经济学,68,49.0,8.9,44.1
926,3036843,中國的前途<增訂本>,66,,9.0,
927,4217138,高盛帝国（下）,497,42.0,7.6,31.5
928,2153226,约翰·穆勒自传,86,29.0,8.2,13.1
929,26919644,罗纳德·科斯传,10,54.0,,
930,1233404,马克思主义经济学史,21,48.8,9.1,
931,4846148,政府的本分,254,32.0,8.5,
932,1889476,自由、市场与国家,70,3.25,8.2,
933,10461781,《政治经济学批判》序言、导言,40,0.16,9.2,
934,10566133,罗斯柴尔德家族（上）,62,69.0,7.6,51.8
935,6822683,朱镕基讲话实录 第一卷,594,49.0,8.9,41.1
936,25763455,中国经济双重转型之路,129,48.0,8.0,38.4
937,1494299,经济科学的性质和意义,115,10.0,8.9,
938,2983684,宏观经济学,122,48.0,8.7,38.4
939,1005416,经济学的著名寓言：市场失灵的神话,51,38.0,7.8,30.4
940,3104586,经济意识形态与日本产业政策,42,38.0,8.3,
941,1232713,比较制度分析,80,38.0,8.5,
942,25790082,读懂中国改革,106,45.0,7.6,35.5
943,3789701,小即是美,10,,,
944,1074736,政治经济学概论,42,42.0,8.5,35.7
945,1492767,饥饿与公共行为,55,35.0,8.0,
946,1452053,经济转轨与社会公正,57,19.0,8.5,9.3
947,3792384,相同的经济学，不同的政策处方,72,34.0,8.4,
948,25712281,重读哈耶克,86,32.0,7.6,27.2
949,26654354,Success and Luck,11,185.28125,7.6,247.0
950,1479072,消费者行为学,54,63.0,8.1,
951,1283521,知识分子为什么反对市场,150,18.6,7.9,
952,6065424,日本商业四百年,473,34.8,7.0,21.9
953,4054731,串接的叙事,179,29.0,8.4,
954,1039972,产业组织理论,77,63.0,8.5,
955,25767203,同业鸦片,768,39.0,7.9,30.8
956,3225203,特权和寻租的经济学,87,18.0,7.6,
957,11589950,沃顿商学院最受欢迎的谈判课,2321,69.0,7.7,51.8
958,1958530,微观经济学,80,58.0,8.9,48.0
959,10550573,顶级金融家,39,69.0,8.0,51.8
960,4931694,为什么常识会撒谎,132,39.0,7.0,31.2
961,20387191,如何撰写并发表英文经济学论文,16,32.0,8.1,26.2
962,25732048,与全世界做生意II,41,35.0,8.0,23.8
963,1476968,写给企业家的经济学,114,35.0,7.5,31.5
964,25717332,看穿一切数字的统计学,172,36.0,6.6,23.4
965,2678794,积极资产配置投资者理财指南,39,43.8,8.1,
966,1113100,退出、呼吁与忠诚,46,11.6,8.0,
967,3273009,索罗斯带你走出金融危机,274,29.0,7.7,23.78
968,26780261,超实用极简资本论,16,32.8,8.1,24.2
969,5292865,达蜜经济学,11,,7.6,
970,23011117,房噬,25,48.0,8.5,39.2
971,26662174,十年轮回 第三版,10,,,51.2
972,26800138,滴滴：分享经济改变中国,62,58.0,7.4,43.5
973,1087737,日本蜡烛图技术,2524,60.0,8.9,37.9
974,1191978,理解传媒经济学,232,18.0,8.1,
975,1095634,小狗钱钱,7550,15.8,8.7,
976,25662413,真实的中国,55,45.0,7.2,33.8
977,26677840,山寨中国的终结,28,,7.0,33.1
978,10566134,罗斯柴尔德家族（中）,31,69.0,8.0,51.8
979,4050760,拿什么拯救中国经济？,289,42.0,8.0,
980,1510768,剑桥欧洲经济史（第一卷）,33,106.0,8.3,97.5
981,1226129,经济学的结构,35,65.0,8.5,
982,24702402,公司治理之道,31,86.0,9.1,62.7
983,24700117,印度的呐喊,58,42.0,8.0,31.5
984,1097362,奢侈病,64,22.0,7.0,
985,3248617,城市经济学,87,49.0,7.9,44.6
986,1253945,金钱游戏,309,18.0,8.5,
987,26725600,China's Economy,13,116.53125,7.8,113.0
988,3225657,粮食战争,164,39.0,7.4,31.7
989,26285905,疯狂的投资,314,42.0,7.4,33.1
990,26361207,看见未来,104,59.0,7.7,44.3
991,3405179,别人的钱,41,26.0,7.7,26.0
992,1085391,公司治理,81,68.0,7.7,52.4
993,26762221,创业成功范式：硅谷创业教父的忠告,10,69.0,,50.7
994,5948173,中国经济史研究,19,78.0,9.3,107.0
